{
  "hidden_nominal": {
    "episodes": [
      {
        "control_cost": 416.43198899924755,
        "forward_reward": 5074.159036536156,
        "invalid_action": false,
        "length": 1000,
        "mean_action_latency_ms": 87.15905960649252,
        "policy_error": null,
        "return": 4657.727047536909,
        "seed": 211,
        "terminated": false,
        "truncated": true,
        "variant": "nominal",
        "x_position": 253.69729399781534,
        "x_velocity": 5.726530505354624
      },
      {
        "control_cost": 418.38612481951714,
        "forward_reward": 5107.433908633669,
        "invalid_action": false,
        "length": 1000,
        "mean_action_latency_ms": 87.84144629724324,
        "policy_error": null,
        "return": 4689.047783814148,
        "seed": 307,
        "terminated": false,
        "truncated": true,
        "variant": "nominal",
        "x_position": 255.39827949762008,
        "x_velocity": 5.697664317698729
      }
    ],
    "invalid_episode_rate": 0.0,
    "max_return": 4689.047783814148,
    "max_steps": 1000,
    "mean_action_latency_ms": 87.50025295186788,
    "mean_control_cost": 417.40905690938234,
    "mean_forward_reward": 5090.796472584912,
    "mean_return": 4673.387415675528,
    "mean_x_position": 254.5477867477177,
    "min_return": 4657.727047536909,
    "policy_path": "submitted_artifact",
    "score": 4673.387415675528
  },
  "hidden_nominal_weight": 0.7,
  "hidden_robustness": {
    "episodes": [
      {
        "control_cost": 419.35061928629875,
        "forward_reward": 5447.14772432608,
        "invalid_action": false,
        "length": 1000,
        "mean_action_latency_ms": 87.68435064703226,
        "policy_error": null,
        "return": 5027.797105039781,
        "seed": 503,
        "terminated": false,
        "truncated": true,
        "variant": "light_low_friction",
        "x_position": 272.33970783891135,
        "x_velocity": 5.425350565562265
      },
      {
        "control_cost": 416.9603366702795,
        "forward_reward": 3957.068503346699,
        "invalid_action": false,
        "length": 1000,
        "mean_action_latency_ms": 89.01173623092473,
        "policy_error": null,
        "return": 3540.1081666764185,
        "seed": 503,
        "terminated": false,
        "truncated": true,
        "variant": "heavy_weak_actuators",
        "x_position": 197.83574678994236,
        "x_velocity": 4.581104579131372
      }
    ],
    "invalid_episode_rate": 0.0,
    "max_return": 5027.797105039781,
    "max_steps": 1000,
    "mean_action_latency_ms": 88.3480434389785,
    "mean_control_cost": 418.1554779782891,
    "mean_forward_reward": 4702.10811383639,
    "mean_return": 4283.9526358581,
    "mean_x_position": 235.08772731442684,
    "min_return": 3540.1081666764185,
    "policy_path": "submitted_artifact",
    "score": 4283.9526358581
  },
  "hidden_robustness_weight": 0.3,
  "normalized_score": 7.417455939,
  "reference_score": 11487.256451471967,
  "score": 4556.556981730299,
  "starter_score": 4001.2886158917113
}
