{
  "hidden_nominal": {
    "episodes": [
      {
        "control_cost": 313.84867538511753,
        "forward_reward": 11530.070047297319,
        "invalid_action": false,
        "length": 1000,
        "mean_action_latency_ms": 268.4568623137893,
        "policy_error": null,
        "return": 11216.221371912197,
        "seed": 211,
        "terminated": false,
        "truncated": true,
        "variant": "nominal",
        "x_position": 576.4928445358736,
        "x_velocity": 15.71878857193862
      },
      {
        "control_cost": 315.44752060621977,
        "forward_reward": 10465.72143509192,
        "invalid_action": false,
        "length": 1000,
        "mean_action_latency_ms": 273.3478279002011,
        "policy_error": null,
        "return": 10150.2739144857,
        "seed": 307,
        "terminated": false,
        "truncated": true,
        "variant": "nominal",
        "x_position": 523.3126558205325,
        "x_velocity": 12.38688854705487
      }
    ],
    "invalid_episode_rate": 0.0,
    "max_return": 11216.221371912197,
    "max_steps": 1000,
    "mean_action_latency_ms": 270.9023451069952,
    "mean_control_cost": 314.64809799566865,
    "mean_forward_reward": 10997.89574119462,
    "mean_return": 10683.247643198949,
    "mean_x_position": 549.9027501782031,
    "min_return": 10150.2739144857,
    "policy_path": "submitted_artifact",
    "score": 10683.247643198949
  },
  "hidden_nominal_weight": 0.7,
  "hidden_robustness": {
    "episodes": [
      {
        "control_cost": 316.3446640148759,
        "forward_reward": 12398.42478686888,
        "invalid_action": false,
        "length": 1000,
        "mean_action_latency_ms": 272.70919528073864,
        "policy_error": null,
        "return": 12082.080122854004,
        "seed": 503,
        "terminated": false,
        "truncated": true,
        "variant": "light_low_friction",
        "x_position": 619.9035609660523,
        "x_velocity": 17.535914067353914
      },
      {
        "control_cost": 310.6027032248676,
        "forward_reward": 3816.7510419511573,
        "invalid_action": false,
        "length": 1000,
        "mean_action_latency_ms": 310.3828021203517,
        "policy_error": null,
        "return": 3506.1483387262915,
        "seed": 503,
        "terminated": false,
        "truncated": true,
        "variant": "heavy_weak_actuators",
        "x_position": 190.81987372016516,
        "x_velocity": 3.972590016083312
      }
    ],
    "invalid_episode_rate": 0.0,
    "max_return": 12082.080122854004,
    "max_steps": 1000,
    "mean_action_latency_ms": 291.54599870054517,
    "mean_control_cost": 313.47368361987174,
    "mean_forward_reward": 8107.587914410018,
    "mean_return": 7794.114230790148,
    "mean_x_position": 405.3617173431087,
    "min_return": 3506.1483387262915,
    "policy_path": "submitted_artifact",
    "score": 7794.114230790148
  },
  "hidden_robustness_weight": 0.3,
  "normalized_score": 77.681592164,
  "reference_score": 11487.256451471967,
  "score": 9816.507619476308,
  "starter_score": 4001.2886158917113
}
