{
  "hidden_nominal": {
    "episodes": [
      {
        "control_cost": 389.2573233023286,
        "forward_reward": 5493.9502136172605,
        "invalid_action": false,
        "length": 1000,
        "mean_action_latency_ms": 43.46089743619086,
        "policy_error": null,
        "return": 5104.692890314932,
        "seed": 211,
        "terminated": false,
        "truncated": true,
        "variant": "nominal",
        "x_position": 274.68685285187087,
        "x_velocity": 6.162579444455217
      },
      {
        "control_cost": 392.1595486998558,
        "forward_reward": 5511.954288018311,
        "invalid_action": false,
        "length": 1000,
        "mean_action_latency_ms": 43.07861266256077,
        "policy_error": null,
        "return": 5119.7947393184495,
        "seed": 307,
        "terminated": false,
        "truncated": true,
        "variant": "nominal",
        "x_position": 275.62429846685274,
        "x_velocity": 6.0135998260103385
      }
    ],
    "invalid_episode_rate": 0.0,
    "max_return": 5119.7947393184495,
    "max_steps": 1000,
    "mean_action_latency_ms": 43.26975504937582,
    "mean_control_cost": 390.7084360010922,
    "mean_forward_reward": 5502.952250817785,
    "mean_return": 5112.243814816691,
    "mean_x_position": 275.15557565936183,
    "min_return": 5104.692890314932,
    "policy_path": "submitted_artifact",
    "score": 5112.243814816691
  },
  "hidden_nominal_weight": 0.7,
  "hidden_robustness": {
    "episodes": [
      {
        "control_cost": 384.98944222927094,
        "forward_reward": 5954.823330647336,
        "invalid_action": false,
        "length": 1000,
        "mean_action_latency_ms": 43.20365892414702,
        "policy_error": null,
        "return": 5569.833888418068,
        "seed": 503,
        "terminated": false,
        "truncated": true,
        "variant": "light_low_friction",
        "x_position": 297.72348815497446,
        "x_velocity": 6.496560809741385
      },
      {
        "control_cost": 401.1867419555783,
        "forward_reward": 4535.967949618429,
        "invalid_action": false,
        "length": 1000,
        "mean_action_latency_ms": 44.20063610264333,
        "policy_error": null,
        "return": 4134.7812076628525,
        "seed": 503,
        "terminated": false,
        "truncated": true,
        "variant": "heavy_weak_actuators",
        "x_position": 226.78071910352855,
        "x_velocity": 5.22504840646882
      }
    ],
    "invalid_episode_rate": 0.0,
    "max_return": 5569.833888418068,
    "max_steps": 1000,
    "mean_action_latency_ms": 43.702147513395175,
    "mean_control_cost": 393.08809209242463,
    "mean_forward_reward": 5245.395640132882,
    "mean_return": 4852.3075480404605,
    "mean_x_position": 262.2521036292515,
    "min_return": 4134.7812076628525,
    "policy_path": "submitted_artifact",
    "score": 4852.3075480404605
  },
  "hidden_robustness_weight": 0.3,
  "normalized_score": 13.798807871,
  "reference_score": 11487.256451471967,
  "score": 5034.262934783822,
  "starter_score": 4001.2886158917113
}
