{
  "hidden_nominal": {
    "episodes": [
      {
        "control_cost": 417.77286276221275,
        "forward_reward": 6787.942582700975,
        "invalid_action": false,
        "length": 1000,
        "mean_action_latency_ms": 27.935350572690368,
        "policy_error": null,
        "return": 6370.169719938763,
        "seed": 211,
        "terminated": false,
        "truncated": true,
        "variant": "nominal",
        "x_position": 339.38647130605716,
        "x_velocity": 7.2753363280675085
      },
      {
        "control_cost": 419.6935954988003,
        "forward_reward": 6868.99355346121,
        "invalid_action": false,
        "length": 1000,
        "mean_action_latency_ms": 28.34423817321658,
        "policy_error": null,
        "return": 6449.299957962409,
        "seed": 307,
        "terminated": false,
        "truncated": true,
        "variant": "nominal",
        "x_position": 343.47626173899687,
        "x_velocity": 7.074323089389433
      }
    ],
    "invalid_episode_rate": 0.0,
    "max_return": 6449.299957962409,
    "max_steps": 1000,
    "mean_action_latency_ms": 28.139794372953475,
    "mean_control_cost": 418.7332291305065,
    "mean_forward_reward": 6828.4680680810925,
    "mean_return": 6409.734838950586,
    "mean_x_position": 341.431366522527,
    "min_return": 6370.169719938763,
    "policy_path": "submitted_artifact",
    "score": 6409.734838950586
  },
  "hidden_nominal_weight": 0.7,
  "hidden_robustness": {
    "episodes": [
      {
        "control_cost": 413.7057405412197,
        "forward_reward": 7503.509984149641,
        "invalid_action": false,
        "length": 1000,
        "mean_action_latency_ms": 28.837490713223815,
        "policy_error": null,
        "return": 7089.804243608423,
        "seed": 503,
        "terminated": false,
        "truncated": true,
        "variant": "light_low_friction",
        "x_position": 375.1578208300892,
        "x_velocity": 7.891027106650781
      },
      {
        "control_cost": 416.16760087013245,
        "forward_reward": 5268.160595389818,
        "invalid_action": false,
        "length": 1000,
        "mean_action_latency_ms": 28.359201481565833,
        "policy_error": null,
        "return": 4851.992994519687,
        "seed": 503,
        "terminated": false,
        "truncated": true,
        "variant": "heavy_weak_actuators",
        "x_position": 263.3903513920981,
        "x_velocity": 5.685887964065333
      }
    ],
    "invalid_episode_rate": 0.0,
    "max_return": 7089.804243608423,
    "max_steps": 1000,
    "mean_action_latency_ms": 28.598346097394824,
    "mean_control_cost": 414.9366707056761,
    "mean_forward_reward": 6385.83528976973,
    "mean_return": 5970.898619064055,
    "mean_x_position": 319.27408611109365,
    "min_return": 4851.992994519687,
    "policy_path": "submitted_artifact",
    "score": 5970.898619064055
  },
  "hidden_robustness_weight": 0.3,
  "normalized_score": 30.414174988,
  "reference_score": 11487.256451471967,
  "score": 6278.083972984627,
  "starter_score": 4001.2886158917113
}
